{
  "player": {
    "maxHealth": 20,
    "health": 20,
    "startingRoomNum": 0,
    "inventory": [
      "knife",
      "health pot"
    ]
  },
  "rooms": [
    {
      "name": "Room 0",
      "directions": [
        "Room 1",
        1,
        2,
        1,
        2,
        1
      ],
      "items": [
        "knife"
      ],
      "npcs": [
        "Papa John"
      ]
    },
    {
      "name": "Room 1",
      "directions": [
        0,
        "this",
        2,
        1,
        2,
        1
      ]
    },
    {
      "name": "Room 2",
      "directions": [
        0,
        1,
        2,
        1,
        2,
        1
      ],
      "npcs": [
        "Troll"
      ]
    }
  ],
  "items": [
    {
      "name": "knife",
      "damage": 100,
      "isUnique": false
    },
    {
      "name": "axe",
      "damage": 5,
      "isUnique": false
    },
    {
      "name": "Excalibur",
      "damage": 5,
      "isUnique": true
    },
    {
      "name": "health pot",
      "heal": 5,
      "isUnique": false
    }
  ],
  "npcs": [
    {
      "name": "Troll",
      "health": 10,
      "genderIdentifier": "his",
      "onKill": "You have slain",
      "inventory": [
        "axe"
      ],
      "drop": [
        "axe"
      ],
      "isUnique": false
    },
    {
      "name": "Papa John",
      "health": 10,
      "genderIdentifier": "his",
      "onKill": "You have killed",
      "inventory": [
        "Excalibur"
      ],
      "drop": [
        "Excalibur"
      ],
      "isUnique": true
    }
  ]
}